SubjectID	W1-Use	W2-Use	W3-Use	Gender	Race	SES	Age@V1	Age@V2	Age@V3	Age@V4	Age@V5	Age@V6	NeverUser	Height(m)	Weight(kg)	BMI	BMI-Zscored	BMI-Category	PubertalDevelopmentScale	Gentotype-CRHR1_rs1104	Genotype-DRD2_rs6277	GABAR2_rs279826	OPRM1_rs1799971	DAT_Repeats_rs28363170
1\tFOO\tFOO\tFOO\tFOO\tFOO\tFOO\tFOO\tFOO\tFOO\tFOO\tFOO\tFOO\tFOO\tFOO\tFOO\tFOO\tFOO\tFOO\tFOO\tFOO\tFOO\tFOO\tBAR
2\tFOO\tFOO\tFOO\tFOO\tFOO\tFOO\tFOO\tFOO\tFOO\tFOO\tFOO\tFOO\tFOO\tFOO\tFOO\tFOO\tFOO\tFOO\tFOO\tFOO\tFOO\tFOO\tBAR
3\tFOO\tFOO\tFOO\tFOO\tFOO\tFOO\tFOO\tFOO\tFOO\tFOO\tFOO\tFOO\tFOO\tFOO\tFOO\tFOO\tFOO\tFOO\tFOO\tFOO\tFOO\tFOO\tBAR
4\tFOO\tFOO\tFOO\tFOO\tFOO\tFOO\tFOO\tFOO\tFOO\tFOO\tFOO\tFOO\tFOO\tFOO\tFOO\tFOO\tFOO\tFOO\tFOO\tFOO\tFOO\tFOO\tBAR
5\tFOO\tFOO\tFOO\tFOO\tFOO\tFOO\tFOO\tFOO\tFOO\tFOO\tFOO\tFOO\tFOO\tFOO\tFOO\tFOO\tFOO\tFOO\tFOO\tFOO\tFOO\tFOO\tBAR
6\tFOO\tFOO\tFOO\tFOO\tFOO\tFOO\tFOO\tFOO\tFOO\tFOO\tFOO\tFOO\tFOO\tFOO\tFOO\tFOO\tFOO\tFOO\tFOO\tFOO\tFOO\tFOO\tBAR
7\tFOO\tFOO\tFOO\tFOO\tFOO\tFOO\tFOO\tFOO\tFOO\tFOO\tFOO\tFOO\tFOO\tFOO\tFOO\tFOO\tFOO\tFOO\tFOO\tFOO\tFOO\tFOO\tBAR
8\tFOO\tFOO\tFOO\tFOO\tFOO\tFOO\tFOO\tFOO\tFOO\tFOO\tFOO\tFOO\tFOO\tFOO\tFOO\tFOO\tFOO\tFOO\tFOO\tFOO\tFOO\tFOO\tBAR
9\tFOO\tFOO\tFOO\tFOO\tFOO\tFOO\tFOO\tFOO\tFOO\tFOO\tFOO\tFOO\tFOO\tFOO\tFOO\tFOO\tFOO\tFOO\tFOO\tFOO\tFOO\tFOO\tBAR
10\tFOO\tFOO\tFOO\tFOO\tFOO\tFOO\tFOO\tFOO\tFOO\tFOO\tFOO\tFOO\tFOO\tFOO\tFOO\tFOO\tFOO\tFOO\tFOO\tFOO\tFOO\tFOO\tBAR
11\tFOO\tFOO\tFOO\tFOO\tFOO\tFOO\tFOO\tFOO\tFOO\tFOO\tFOO\tFOO\tFOO\tFOO\tFOO\tFOO\tFOO\tFOO\tFOO\tFOO\tFOO\tFOO\tBAR
12\tFOO\tFOO\tFOO\tFOO\tFOO\tFOO\tFOO\tFOO\tFOO\tFOO\tFOO\tFOO\tFOO\tFOO\tFOO\tFOO\tFOO\tFOO\tFOO\tFOO\tFOO\tFOO\tBAR
13\tFOO\tFOO\tFOO\tFOO\tFOO\tFOO\tFOO\tFOO\tFOO\tFOO\tFOO\tFOO\tFOO\tFOO\tFOO\tFOO\tFOO\tFOO\tFOO\tFOO\tFOO\tFOO\tBAR
14\tFOO\tFOO\tFOO\tFOO\tFOO\tFOO\tFOO\tFOO\tFOO\tFOO\tFOO\tFOO\tFOO\tFOO\tFOO\tFOO\tFOO\tFOO\tFOO\tFOO\tFOO\tFOO\tBAR
15\tFOO\tFOO\tFOO\tFOO\tFOO\tFOO\tFOO\tFOO\tFOO\tFOO\tFOO\tFOO\tFOO\tFOO\tFOO\tFOO\tFOO\tFOO\tFOO\tFOO\tFOO\tFOO\tBAR
16\tFOO\tFOO\tFOO\tFOO\tFOO\tFOO\tFOO\tFOO\tFOO\tFOO\tFOO\tFOO\tFOO\tFOO\tFOO\tFOO\tFOO\tFOO\tFOO\tFOO\tFOO\tFOO\tBAR
17\tFOO\tFOO\tFOO\tFOO\tFOO\tFOO\tFOO\tFOO\tFOO\tFOO\tFOO\tFOO\tFOO\tFOO\tFOO\tFOO\tFOO\tFOO\tFOO\tFOO\tFOO\tFOO\tBAR
18\tFOO\tFOO\tFOO\tFOO\tFOO\tFOO\tFOO\tFOO\tFOO\tFOO\tFOO\tFOO\tFOO\tFOO\tFOO\tFOO\tFOO\tFOO\tFOO\tFOO\tFOO\tFOO\tBAR
19\tFOO\tFOO\tFOO\tFOO\tFOO\tFOO\tFOO\tFOO\tFOO\tFOO\tFOO\tFOO\tFOO\tFOO\tFOO\tFOO\tFOO\tFOO\tFOO\tFOO\tFOO\tFOO\tBAR
20\tFOO\tFOO\tFOO\tFOO\tFOO\tFOO\tFOO\tFOO\tFOO\tFOO\tFOO\tFOO\tFOO\tFOO\tFOO\tFOO\tFOO\tFOO\tFOO\tFOO\tFOO\tFOO\tBAR
21\tFOO\tFOO\tFOO\tFOO\tFOO\tFOO\tFOO\tFOO\tFOO\tFOO\tFOO\tFOO\tFOO\tFOO\tFOO\tFOO\tFOO\tFOO\tFOO\tFOO\tFOO\tFOO\tBAR
22\tFOO\tFOO\tFOO\tFOO\tFOO\tFOO\tFOO\tFOO\tFOO\tFOO\tFOO\tFOO\tFOO\tFOO\tFOO\tFOO\tFOO\tFOO\tFOO\tFOO\tFOO\tFOO\tBAR
23\tFOO\tFOO\tFOO\tFOO\tFOO\tFOO\tFOO\tFOO\tFOO\tFOO\tFOO\tFOO\tFOO\tFOO\tFOO\tFOO\tFOO\tFOO\tFOO\tFOO\tFOO\tFOO\tBAR
24\tFOO\tFOO\tFOO\tFOO\tFOO\tFOO\tFOO\tFOO\tFOO\tFOO\tFOO\tFOO\tFOO\tFOO\tFOO\tFOO\tFOO\tFOO\tFOO\tFOO\tFOO\tFOO\tBAR
25\tFOO\tFOO\tFOO\tFOO\tFOO\tFOO\tFOO\tFOO\tFOO\tFOO\tFOO\tFOO\tFOO\tFOO\tFOO\tFOO\tFOO\tFOO\tFOO\tFOO\tFOO\tFOO\tBAR
26\tFOO\tFOO\tFOO\tFOO\tFOO\tFOO\tFOO\tFOO\tFOO\tFOO\tFOO\tFOO\tFOO\tFOO\tFOO\tFOO\tFOO\tFOO\tFOO\tFOO\tFOO\tFOO\tBAR
27\tFOO\tFOO\tFOO\tFOO\tFOO\tFOO\tFOO\tFOO\tFOO\tFOO\tFOO\tFOO\tFOO\tFOO\tFOO\tFOO\tFOO\tFOO\tFOO\tFOO\tFOO\tFOO\tBAR
28\tFOO\tFOO\tFOO\tFOO\tFOO\tFOO\tFOO\tFOO\tFOO\tFOO\tFOO\tFOO\tFOO\tFOO\tFOO\tFOO\tFOO\tFOO\tFOO\tFOO\tFOO\tFOO\tBAR
29\tFOO\tFOO\tFOO\tFOO\tFOO\tFOO\tFOO\tFOO\tFOO\tFOO\tFOO\tFOO\tFOO\tFOO\tFOO\tFOO\tFOO\tFOO\tFOO\tFOO\tFOO\tFOO\tBAR
30\tFOO\tFOO\tFOO\tFOO\tFOO\tFOO\tFOO\tFOO\tFOO\tFOO\tFOO\tFOO\tFOO\tFOO\tFOO\tFOO\tFOO\tFOO\tFOO\tFOO\tFOO\tFOO\tBAR
31\tFOO\tFOO\tFOO\tFOO\tFOO\tFOO\tFOO\tFOO\tFOO\tFOO\tFOO\tFOO\tFOO\tFOO\tFOO\tFOO\tFOO\tFOO\tFOO\tFOO\tFOO\tFOO\tBAR
32\tFOO\tFOO\tFOO\tFOO\tFOO\tFOO\tFOO\tFOO\tFOO\tFOO\tFOO\tFOO\tFOO\tFOO\tFOO\tFOO\tFOO\tFOO\tFOO\tFOO\tFOO\tFOO\tBAR
33\tFOO\tFOO\tFOO\tFOO\tFOO\tFOO\tFOO\tFOO\tFOO\tFOO\tFOO\tFOO\tFOO\tFOO\tFOO\tFOO\tFOO\tFOO\tFOO\tFOO\tFOO\tFOO\tBAR
34\tFOO\tFOO\tFOO\tFOO\tFOO\tFOO\tFOO\tFOO\tFOO\tFOO\tFOO\tFOO\tFOO\tFOO\tFOO\tFOO\tFOO\tFOO\tFOO\tFOO\tFOO\tFOO\tBAR
35\tFOO\tFOO\tFOO\tFOO\tFOO\tFOO\tFOO\tFOO\tFOO\tFOO\tFOO\tFOO\tFOO\tFOO\tFOO\tFOO\tFOO\tFOO\tFOO\tFOO\tFOO\tFOO\tBAR
36\tFOO\tFOO\tFOO\tFOO\tFOO\tFOO\tFOO\tFOO\tFOO\tFOO\tFOO\tFOO\tFOO\tFOO\tFOO\tFOO\tFOO\tFOO\tFOO\tFOO\tFOO\tFOO\tBAR
37\tFOO\tFOO\tFOO\tFOO\tFOO\tFOO\tFOO\tFOO\tFOO\tFOO\tFOO\tFOO\tFOO\tFOO\tFOO\tFOO\tFOO\tFOO\tFOO\tFOO\tFOO\tFOO\tBAR
38\tFOO\tFOO\tFOO\tFOO\tFOO\tFOO\tFOO\tFOO\tFOO\tFOO\tFOO\tFOO\tFOO\tFOO\tFOO\tFOO\tFOO\tFOO\tFOO\tFOO\tFOO\tFOO\tBAR
39\tFOO\tFOO\tFOO\tFOO\tFOO\tFOO\tFOO\tFOO\tFOO\tFOO\tFOO\tFOO\tFOO\tFOO\tFOO\tFOO\tFOO\tFOO\tFOO\tFOO\tFOO\tFOO\tBAR
40\tFOO\tFOO\tFOO\tFOO\tFOO\tFOO\tFOO\tFOO\tFOO\tFOO\tFOO\tFOO\tFOO\tFOO\tFOO\tFOO\tFOO\tFOO\tFOO\tFOO\tFOO\tFOO\tBAR
41\tFOO\tFOO\tFOO\tFOO\tFOO\tFOO\tFOO\tFOO\tFOO\tFOO\tFOO\tFOO\tFOO\tFOO\tFOO\tFOO\tFOO\tFOO\tFOO\tFOO\tFOO\tFOO\tBAR
42\tFOO\tFOO\tFOO\tFOO\tFOO\tFOO\tFOO\tFOO\tFOO\tFOO\tFOO\tFOO\tFOO\tFOO\tFOO\tFOO\tFOO\tFOO\tFOO\tFOO\tFOO\tFOO\tBAR
43\tFOO\tFOO\tFOO\tFOO\tFOO\tFOO\tFOO\tFOO\tFOO\tFOO\tFOO\tFOO\tFOO\tFOO\tFOO\tFOO\tFOO\tFOO\tFOO\tFOO\tFOO\tFOO\tBAR
44\tFOO\tFOO\tFOO\tFOO\tFOO\tFOO\tFOO\tFOO\tFOO\tFOO\tFOO\tFOO\tFOO\tFOO\tFOO\tFOO\tFOO\tFOO\tFOO\tFOO\tFOO\tFOO\tBAR
45\tFOO\tFOO\tFOO\tFOO\tFOO\tFOO\tFOO\tFOO\tFOO\tFOO\tFOO\tFOO\tFOO\tFOO\tFOO\tFOO\tFOO\tFOO\tFOO\tFOO\tFOO\tFOO\tBAR
46\tFOO\tFOO\tFOO\tFOO\tFOO\tFOO\tFOO\tFOO\tFOO\tFOO\tFOO\tFOO\tFOO\tFOO\tFOO\tFOO\tFOO\tFOO\tFOO\tFOO\tFOO\tFOO\tBAR
47\tFOO\tFOO\tFOO\tFOO\tFOO\tFOO\tFOO\tFOO\tFOO\tFOO\tFOO\tFOO\tFOO\tFOO\tFOO\tFOO\tFOO\tFOO\tFOO\tFOO\tFOO\tFOO\tBAR
48\tFOO\tFOO\tFOO\tFOO\tFOO\tFOO\tFOO\tFOO\tFOO\tFOO\tFOO\tFOO\tFOO\tFOO\tFOO\tFOO\tFOO\tFOO\tFOO\tFOO\tFOO\tFOO\tBAR
49\tFOO\tFOO\tFOO\tFOO\tFOO\tFOO\tFOO\tFOO\tFOO\tFOO\tFOO\tFOO\tFOO\tFOO\tFOO\tFOO\tFOO\tFOO\tFOO\tFOO\tFOO\tFOO\tBAR
50\tFOO\tFOO\tFOO\tFOO\tFOO\tFOO\tFOO\tFOO\tFOO\tFOO\tFOO\tFOO\tFOO\tFOO\tFOO\tFOO\tFOO\tFOO\tFOO\tFOO\tFOO\tFOO\tBAR
51\tFOO\tFOO\tFOO\tFOO\tFOO\tFOO\tFOO\tFOO\tFOO\tFOO\tFOO\tFOO\tFOO\tFOO\tFOO\tFOO\tFOO\tFOO\tFOO\tFOO\tFOO\tFOO\tBAR
52\tFOO\tFOO\tFOO\tFOO\tFOO\tFOO\tFOO\tFOO\tFOO\tFOO\tFOO\tFOO\tFOO\tFOO\tFOO\tFOO\tFOO\tFOO\tFOO\tFOO\tFOO\tFOO\tBAR
53\tFOO\tFOO\tFOO\tFOO\tFOO\tFOO\tFOO\tFOO\tFOO\tFOO\tFOO\tFOO\tFOO\tFOO\tFOO\tFOO\tFOO\tFOO\tFOO\tFOO\tFOO\tFOO\tBAR
54\tFOO\tFOO\tFOO\tFOO\tFOO\tFOO\tFOO\tFOO\tFOO\tFOO\tFOO\tFOO\tFOO\tFOO\tFOO\tFOO\tFOO\tFOO\tFOO\tFOO\tFOO\tFOO\tBAR
55\tFOO\tFOO\tFOO\tFOO\tFOO\tFOO\tFOO\tFOO\tFOO\tFOO\tFOO\tFOO\tFOO\tFOO\tFOO\tFOO\tFOO\tFOO\tFOO\tFOO\tFOO\tFOO\tBAR
56\tFOO\tFOO\tFOO\tFOO\tFOO\tFOO\tFOO\tFOO\tFOO\tFOO\tFOO\tFOO\tFOO\tFOO\tFOO\tFOO\tFOO\tFOO\tFOO\tFOO\tFOO\tFOO\tBAR
57\tFOO\tFOO\tFOO\tFOO\tFOO\tFOO\tFOO\tFOO\tFOO\tFOO\tFOO\tFOO\tFOO\tFOO\tFOO\tFOO\tFOO\tFOO\tFOO\tFOO\tFOO\tFOO\tBAR
58\tFOO\tFOO\tFOO\tFOO\tFOO\tFOO\tFOO\tFOO\tFOO\tFOO\tFOO\tFOO\tFOO\tFOO\tFOO\tFOO\tFOO\tFOO\tFOO\tFOO\tFOO\tFOO\tBAR
59\tFOO\tFOO\tFOO\tFOO\tFOO\tFOO\tFOO\tFOO\tFOO\tFOO\tFOO\tFOO\tFOO\tFOO\tFOO\tFOO\tFOO\tFOO\tFOO\tFOO\tFOO\tFOO\tBAR
60\tFOO\tFOO\tFOO\tFOO\tFOO\tFOO\tFOO\tFOO\tFOO\tFOO\tFOO\tFOO\tFOO\tFOO\tFOO\tFOO\tFOO\tFOO\tFOO\tFOO\tFOO\tFOO\tBAR
61\tFOO\tFOO\tFOO\tFOO\tFOO\tFOO\tFOO\tFOO\tFOO\tFOO\tFOO\tFOO\tFOO\tFOO\tFOO\tFOO\tFOO\tFOO\tFOO\tFOO\tFOO\tFOO\tBAR
62\tFOO\tFOO\tFOO\tFOO\tFOO\tFOO\tFOO\tFOO\tFOO\tFOO\tFOO\tFOO\tFOO\tFOO\tFOO\tFOO\tFOO\tFOO\tFOO\tFOO\tFOO\tFOO\tBAR
63\tFOO\tFOO\tFOO\tFOO\tFOO\tFOO\tFOO\tFOO\tFOO\tFOO\tFOO\tFOO\tFOO\tFOO\tFOO\tFOO\tFOO\tFOO\tFOO\tFOO\tFOO\tFOO\tBAR
64\tFOO\tFOO\tFOO\tFOO\tFOO\tFOO\tFOO\tFOO\tFOO\tFOO\tFOO\tFOO\tFOO\tFOO\tFOO\tFOO\tFOO\tFOO\tFOO\tFOO\tFOO\tFOO\tBAR
65\tFOO\tFOO\tFOO\tFOO\tFOO\tFOO\tFOO\tFOO\tFOO\tFOO\tFOO\tFOO\tFOO\tFOO\tFOO\tFOO\tFOO\tFOO\tFOO\tFOO\tFOO\tFOO\tBAR
66\tFOO\tFOO\tFOO\tFOO\tFOO\tFOO\tFOO\tFOO\tFOO\tFOO\tFOO\tFOO\tFOO\tFOO\tFOO\tFOO\tFOO\tFOO\tFOO\tFOO\tFOO\tFOO\tBAR
67\tFOO\tFOO\tFOO\tFOO\tFOO\tFOO\tFOO\tFOO\tFOO\tFOO\tFOO\tFOO\tFOO\tFOO\tFOO\tFOO\tFOO\tFOO\tFOO\tFOO\tFOO\tFOO\tBAR
68\tFOO\tFOO\tFOO\tFOO\tFOO\tFOO\tFOO\tFOO\tFOO\tFOO\tFOO\tFOO\tFOO\tFOO\tFOO\tFOO\tFOO\tFOO\tFOO\tFOO\tFOO\tFOO\tBAR
69\tFOO\tFOO\tFOO\tFOO\tFOO\tFOO\tFOO\tFOO\tFOO\tFOO\tFOO\tFOO\tFOO\tFOO\tFOO\tFOO\tFOO\tFOO\tFOO\tFOO\tFOO\tFOO\tBAR
70\tFOO\tFOO\tFOO\tFOO\tFOO\tFOO\tFOO\tFOO\tFOO\tFOO\tFOO\tFOO\tFOO\tFOO\tFOO\tFOO\tFOO\tFOO\tFOO\tFOO\tFOO\tFOO\tBAR
71\tFOO\tFOO\tFOO\tFOO\tFOO\tFOO\tFOO\tFOO\tFOO\tFOO\tFOO\tFOO\tFOO\tFOO\tFOO\tFOO\tFOO\tFOO\tFOO\tFOO\tFOO\tFOO\tBAR
72\tFOO\tFOO\tFOO\tFOO\tFOO\tFOO\tFOO\tFOO\tFOO\tFOO\tFOO\tFOO\tFOO\tFOO\tFOO\tFOO\tFOO\tFOO\tFOO\tFOO\tFOO\tFOO\tBAR
73\tFOO\tFOO\tFOO\tFOO\tFOO\tFOO\tFOO\tFOO\tFOO\tFOO\tFOO\tFOO\tFOO\tFOO\tFOO\tFOO\tFOO\tFOO\tFOO\tFOO\tFOO\tFOO\tBAR
74\tFOO\tFOO\tFOO\tFOO\tFOO\tFOO\tFOO\tFOO\tFOO\tFOO\tFOO\tFOO\tFOO\tFOO\tFOO\tFOO\tFOO\tFOO\tFOO\tFOO\tFOO\tFOO\tBAR
75\tFOO\tFOO\tFOO\tFOO\tFOO\tFOO\tFOO\tFOO\tFOO\tFOO\tFOO\tFOO\tFOO\tFOO\tFOO\tFOO\tFOO\tFOO\tFOO\tFOO\tFOO\tFOO\tBAR
76\tFOO\tFOO\tFOO\tFOO\tFOO\tFOO\tFOO\tFOO\tFOO\tFOO\tFOO\tFOO\tFOO\tFOO\tFOO\tFOO\tFOO\tFOO\tFOO\tFOO\tFOO\tFOO\tBAR
77\tFOO\tFOO\tFOO\tFOO\tFOO\tFOO\tFOO\tFOO\tFOO\tFOO\tFOO\tFOO\tFOO\tFOO\tFOO\tFOO\tFOO\tFOO\tFOO\tFOO\tFOO\tFOO\tBAR
78\tFOO\tFOO\tFOO\tFOO\tFOO\tFOO\tFOO\tFOO\tFOO\tFOO\tFOO\tFOO\tFOO\tFOO\tFOO\tFOO\tFOO\tFOO\tFOO\tFOO\tFOO\tFOO\tBAR
79\tFOO\tFOO\tFOO\tFOO\tFOO\tFOO\tFOO\tFOO\tFOO\tFOO\tFOO\tFOO\tFOO\tFOO\tFOO\tFOO\tFOO\tFOO\tFOO\tFOO\tFOO\tFOO\tBAR
80\tFOO\tFOO\tFOO\tFOO\tFOO\tFOO\tFOO\tFOO\tFOO\tFOO\tFOO\tFOO\tFOO\tFOO\tFOO\tFOO\tFOO\tFOO\tFOO\tFOO\tFOO\tFOO\tBAR
81\tFOO\tFOO\tFOO\tFOO\tFOO\tFOO\tFOO\tFOO\tFOO\tFOO\tFOO\tFOO\tFOO\tFOO\tFOO\tFOO\tFOO\tFOO\tFOO\tFOO\tFOO\tFOO\tBAR
82\tFOO\tFOO\tFOO\tFOO\tFOO\tFOO\tFOO\tFOO\tFOO\tFOO\tFOO\tFOO\tFOO\tFOO\tFOO\tFOO\tFOO\tFOO\tFOO\tFOO\tFOO\tFOO\tBAR
83\tFOO\tFOO\tFOO\tFOO\tFOO\tFOO\tFOO\tFOO\tFOO\tFOO\tFOO\tFOO\tFOO\tFOO\tFOO\tFOO\tFOO\tFOO\tFOO\tFOO\tFOO\tFOO\tBAR
84\tFOO\tFOO\tFOO\tFOO\tFOO\tFOO\tFOO\tFOO\tFOO\tFOO\tFOO\tFOO\tFOO\tFOO\tFOO\tFOO\tFOO\tFOO\tFOO\tFOO\tFOO\tFOO\tBAR
85\tFOO\tFOO\tFOO\tFOO\tFOO\tFOO\tFOO\tFOO\tFOO\tFOO\tFOO\tFOO\tFOO\tFOO\tFOO\tFOO\tFOO\tFOO\tFOO\tFOO\tFOO\tFOO\tBAR
86\tFOO\tFOO\tFOO\tFOO\tFOO\tFOO\tFOO\tFOO\tFOO\tFOO\tFOO\tFOO\tFOO\tFOO\tFOO\tFOO\tFOO\tFOO\tFOO\tFOO\tFOO\tFOO\tBAR
87\tFOO\tFOO\tFOO\tFOO\tFOO\tFOO\tFOO\tFOO\tFOO\tFOO\tFOO\tFOO\tFOO\tFOO\tFOO\tFOO\tFOO\tFOO\tFOO\tFOO\tFOO\tFOO\tBAR
88\tFOO\tFOO\tFOO\tFOO\tFOO\tFOO\tFOO\tFOO\tFOO\tFOO\tFOO\tFOO\tFOO\tFOO\tFOO\tFOO\tFOO\tFOO\tFOO\tFOO\tFOO\tFOO\tBAR
89\tFOO\tFOO\tFOO\tFOO\tFOO\tFOO\tFOO\tFOO\tFOO\tFOO\tFOO\tFOO\tFOO\tFOO\tFOO\tFOO\tFOO\tFOO\tFOO\tFOO\tFOO\tFOO\tBAR
90\tFOO\tFOO\tFOO\tFOO\tFOO\tFOO\tFOO\tFOO\tFOO\tFOO\tFOO\tFOO\tFOO\tFOO\tFOO\tFOO\tFOO\tFOO\tFOO\tFOO\tFOO\tFOO\tBAR
91\tFOO\tFOO\tFOO\tFOO\tFOO\tFOO\tFOO\tFOO\tFOO\tFOO\tFOO\tFOO\tFOO\tFOO\tFOO\tFOO\tFOO\tFOO\tFOO\tFOO\tFOO\tFOO\tBAR
92\tFOO\tFOO\tFOO\tFOO\tFOO\tFOO\tFOO\tFOO\tFOO\tFOO\tFOO\tFOO\tFOO\tFOO\tFOO\tFOO\tFOO\tFOO\tFOO\tFOO\tFOO\tFOO\tBAR
93\tFOO\tFOO\tFOO\tFOO\tFOO\tFOO\tFOO\tFOO\tFOO\tFOO\tFOO\tFOO\tFOO\tFOO\tFOO\tFOO\tFOO\tFOO\tFOO\tFOO\tFOO\tFOO\tBAR
94\tFOO\tFOO\tFOO\tFOO\tFOO\tFOO\tFOO\tFOO\tFOO\tFOO\tFOO\tFOO\tFOO\tFOO\tFOO\tFOO\tFOO\tFOO\tFOO\tFOO\tFOO\tFOO\tBAR
95\tFOO\tFOO\tFOO\tFOO\tFOO\tFOO\tFOO\tFOO\tFOO\tFOO\tFOO\tFOO\tFOO\tFOO\tFOO\tFOO\tFOO\tFOO\tFOO\tFOO\tFOO\tFOO\tBAR
96\tFOO\tFOO\tFOO\tFOO\tFOO\tFOO\tFOO\tFOO\tFOO\tFOO\tFOO\tFOO\tFOO\tFOO\tFOO\tFOO\tFOO\tFOO\tFOO\tFOO\tFOO\tFOO\tBAR
97\tFOO\tFOO\tFOO\tFOO\tFOO\tFOO\tFOO\tFOO\tFOO\tFOO\tFOO\tFOO\tFOO\tFOO\tFOO\tFOO\tFOO\tFOO\tFOO\tFOO\tFOO\tFOO\tBAR
98\tFOO\tFOO\tFOO\tFOO\tFOO\tFOO\tFOO\tFOO\tFOO\tFOO\tFOO\tFOO\tFOO\tFOO\tFOO\tFOO\tFOO\tFOO\tFOO\tFOO\tFOO\tFOO\tBAR
99\tFOO\tFOO\tFOO\tFOO\tFOO\tFOO\tFOO\tFOO\tFOO\tFOO\tFOO\tFOO\tFOO\tFOO\tFOO\tFOO\tFOO\tFOO\tFOO\tFOO\tFOO\tFOO\tBAR
100\tFOO\tFOO\tFOO\tFOO\tFOO\tFOO\tFOO\tFOO\tFOO\tFOO\tFOO\tFOO\tFOO\tFOO\tFOO\tFOO\tFOO\tFOO\tFOO\tFOO\tFOO\tFOO\tBAR
101\tFOO\tFOO\tFOO\tFOO\tFOO\tFOO\tFOO\tFOO\tFOO\tFOO\tFOO\tFOO\tFOO\tFOO\tFOO\tFOO\tFOO\tFOO\tFOO\tFOO\tFOO\tFOO\tBAR
102\tFOO\tFOO\tFOO\tFOO\tFOO\tFOO\tFOO\tFOO\tFOO\tFOO\tFOO\tFOO\tFOO\tFOO\tFOO\tFOO\tFOO\tFOO\tFOO\tFOO\tFOO\tFOO\tBAR
103\tFOO\tFOO\tFOO\tFOO\tFOO\tFOO\tFOO\tFOO\tFOO\tFOO\tFOO\tFOO\tFOO\tFOO\tFOO\tFOO\tFOO\tFOO\tFOO\tFOO\tFOO\tFOO\tBAR
104\tFOO\tFOO\tFOO\tFOO\tFOO\tFOO\tFOO\tFOO\tFOO\tFOO\tFOO\tFOO\tFOO\tFOO\tFOO\tFOO\tFOO\tFOO\tFOO\tFOO\tFOO\tFOO\tBAR
105\tFOO\tFOO\tFOO\tFOO\tFOO\tFOO\tFOO\tFOO\tFOO\tFOO\tFOO\tFOO\tFOO\tFOO\tFOO\tFOO\tFOO\tFOO\tFOO\tFOO\tFOO\tFOO\tBAR
106\tFOO\tFOO\tFOO\tFOO\tFOO\tFOO\tFOO\tFOO\tFOO\tFOO\tFOO\tFOO\tFOO\tFOO\tFOO\tFOO\tFOO\tFOO\tFOO\tFOO\tFOO\tFOO\tBAR
107\tFOO\tFOO\tFOO\tFOO\tFOO\tFOO\tFOO\tFOO\tFOO\tFOO\tFOO\tFOO\tFOO\tFOO\tFOO\tFOO\tFOO\tFOO\tFOO\tFOO\tFOO\tFOO\tBAR
108\tFOO\tFOO\tFOO\tFOO\tFOO\tFOO\tFOO\tFOO\tFOO\tFOO\tFOO\tFOO\tFOO\tFOO\tFOO\tFOO\tFOO\tFOO\tFOO\tFOO\tFOO\tFOO\tBAR
109\tFOO\tFOO\tFOO\tFOO\tFOO\tFOO\tFOO\tFOO\tFOO\tFOO\tFOO\tFOO\tFOO\tFOO\tFOO\tFOO\tFOO\tFOO\tFOO\tFOO\tFOO\tFOO\tBAR
110\tFOO\tFOO\tFOO\tFOO\tFOO\tFOO\tFOO\tFOO\tFOO\tFOO\tFOO\tFOO\tFOO\tFOO\tFOO\tFOO\tFOO\tFOO\tFOO\tFOO\tFOO\tFOO\tBAR
111\tFOO\tFOO\tFOO\tFOO\tFOO\tFOO\tFOO\tFOO\tFOO\tFOO\tFOO\tFOO\tFOO\tFOO\tFOO\tFOO\tFOO\tFOO\tFOO\tFOO\tFOO\tFOO\tBAR
112\tFOO\tFOO\tFOO\tFOO\tFOO\tFOO\tFOO\tFOO\tFOO\tFOO\tFOO\tFOO\tFOO\tFOO\tFOO\tFOO\tFOO\tFOO\tFOO\tFOO\tFOO\tFOO\tBAR
113\tFOO\tFOO\tFOO\tFOO\tFOO\tFOO\tFOO\tFOO\tFOO\tFOO\tFOO\tFOO\tFOO\tFOO\tFOO\tFOO\tFOO\tFOO\tFOO\tFOO\tFOO\tFOO\tBAR
114\tFOO\tFOO\tFOO\tFOO\tFOO\tFOO\tFOO\tFOO\tFOO\tFOO\tFOO\tFOO\tFOO\tFOO\tFOO\tFOO\tFOO\tFOO\tFOO\tFOO\tFOO\tFOO\tBAR
115\tFOO\tFOO\tFOO\tFOO\tFOO\tFOO\tFOO\tFOO\tFOO\tFOO\tFOO\tFOO\tFOO\tFOO\tFOO\tFOO\tFOO\tFOO\tFOO\tFOO\tFOO\tFOO\tBAR
116\tFOO\tFOO\tFOO\tFOO\tFOO\tFOO\tFOO\tFOO\tFOO\tFOO\tFOO\tFOO\tFOO\tFOO\tFOO\tFOO\tFOO\tFOO\tFOO\tFOO\tFOO\tFOO\tBAR
117\tFOO\tFOO\tFOO\tFOO\tFOO\tFOO\tFOO\tFOO\tFOO\tFOO\tFOO\tFOO\tFOO\tFOO\tFOO\tFOO\tFOO\tFOO\tFOO\tFOO\tFOO\tFOO\tBAR
118\tFOO\tFOO\tFOO\tFOO\tFOO\tFOO\tFOO\tFOO\tFOO\tFOO\tFOO\tFOO\tFOO\tFOO\tFOO\tFOO\tFOO\tFOO\tFOO\tFOO\tFOO\tFOO\tBAR
119\tFOO\tFOO\tFOO\tFOO\tFOO\tFOO\tFOO\tFOO\tFOO\tFOO\tFOO\tFOO\tFOO\tFOO\tFOO\tFOO\tFOO\tFOO\tFOO\tFOO\tFOO\tFOO\tBAR
120\tFOO\tFOO\tFOO\tFOO\tFOO\tFOO\tFOO\tFOO\tFOO\tFOO\tFOO\tFOO\tFOO\tFOO\tFOO\tFOO\tFOO\tFOO\tFOO\tFOO\tFOO\tFOO\tBAR
121\tFOO\tFOO\tFOO\tFOO\tFOO\tFOO\tFOO\tFOO\tFOO\tFOO\tFOO\tFOO\tFOO\tFOO\tFOO\tFOO\tFOO\tFOO\tFOO\tFOO\tFOO\tFOO\tBAR
122\tFOO\tFOO\tFOO\tFOO\tFOO\tFOO\tFOO\tFOO\tFOO\tFOO\tFOO\tFOO\tFOO\tFOO\tFOO\tFOO\tFOO\tFOO\tFOO\tFOO\tFOO\tFOO\tBAR
123\tFOO\tFOO\tFOO\tFOO\tFOO\tFOO\tFOO\tFOO\tFOO\tFOO\tFOO\tFOO\tFOO\tFOO\tFOO\tFOO\tFOO\tFOO\tFOO\tFOO\tFOO\tFOO\tBAR
124\tFOO\tFOO\tFOO\tFOO\tFOO\tFOO\tFOO\tFOO\tFOO\tFOO\tFOO\tFOO\tFOO\tFOO\tFOO\tFOO\tFOO\tFOO\tFOO\tFOO\tFOO\tFOO\tBAR
125\tFOO\tFOO\tFOO\tFOO\tFOO\tFOO\tFOO\tFOO\tFOO\tFOO\tFOO\tFOO\tFOO\tFOO\tFOO\tFOO\tFOO\tFOO\tFOO\tFOO\tFOO\tFOO\tBAR
126\tFOO\tFOO\tFOO\tFOO\tFOO\tFOO\tFOO\tFOO\tFOO\tFOO\tFOO\tFOO\tFOO\tFOO\tFOO\tFOO\tFOO\tFOO\tFOO\tFOO\tFOO\tFOO\tBAR
127\tFOO\tFOO\tFOO\tFOO\tFOO\tFOO\tFOO\tFOO\tFOO\tFOO\tFOO\tFOO\tFOO\tFOO\tFOO\tFOO\tFOO\tFOO\tFOO\tFOO\tFOO\tFOO\tBAR
128\tFOO\tFOO\tFOO\tFOO\tFOO\tFOO\tFOO\tFOO\tFOO\tFOO\tFOO\tFOO\tFOO\tFOO\tFOO\tFOO\tFOO\tFOO\tFOO\tFOO\tFOO\tFOO\tBAR
129\tFOO\tFOO\tFOO\tFOO\tFOO\tFOO\tFOO\tFOO\tFOO\tFOO\tFOO\tFOO\tFOO\tFOO\tFOO\tFOO\tFOO\tFOO\tFOO\tFOO\tFOO\tFOO\tBAR
130\tFOO\tFOO\tFOO\tFOO\tFOO\tFOO\tFOO\tFOO\tFOO\tFOO\tFOO\tFOO\tFOO\tFOO\tFOO\tFOO\tFOO\tFOO\tFOO\tFOO\tFOO\tFOO\tBAR
131\tFOO\tFOO\tFOO\tFOO\tFOO\tFOO\tFOO\tFOO\tFOO\tFOO\tFOO\tFOO\tFOO\tFOO\tFOO\tFOO\tFOO\tFOO\tFOO\tFOO\tFOO\tFOO\tBAR
132\tFOO\tFOO\tFOO\tFOO\tFOO\tFOO\tFOO\tFOO\tFOO\tFOO\tFOO\tFOO\tFOO\tFOO\tFOO\tFOO\tFOO\tFOO\tFOO\tFOO\tFOO\tFOO\tBAR
133\tFOO\tFOO\tFOO\tFOO\tFOO\tFOO\tFOO\tFOO\tFOO\tFOO\tFOO\tFOO\tFOO\tFOO\tFOO\tFOO\tFOO\tFOO\tFOO\tFOO\tFOO\tFOO\tBAR
134\tFOO\tFOO\tFOO\tFOO\tFOO\tFOO\tFOO\tFOO\tFOO\tFOO\tFOO\tFOO\tFOO\tFOO\tFOO\tFOO\tFOO\tFOO\tFOO\tFOO\tFOO\tFOO\tBAR
135\tFOO\tFOO\tFOO\tFOO\tFOO\tFOO\tFOO\tFOO\tFOO\tFOO\tFOO\tFOO\tFOO\tFOO\tFOO\tFOO\tFOO\tFOO\tFOO\tFOO\tFOO\tFOO\tBAR
136\tFOO\tFOO\tFOO\tFOO\tFOO\tFOO\tFOO\tFOO\tFOO\tFOO\tFOO\tFOO\tFOO\tFOO\tFOO\tFOO\tFOO\tFOO\tFOO\tFOO\tFOO\tFOO\tBAR
137\tFOO\tFOO\tFOO\tFOO\tFOO\tFOO\tFOO\tFOO\tFOO\tFOO\tFOO\tFOO\tFOO\tFOO\tFOO\tFOO\tFOO\tFOO\tFOO\tFOO\tFOO\tFOO\tBAR
138\tFOO\tFOO\tFOO\tFOO\tFOO\tFOO\tFOO\tFOO\tFOO\tFOO\tFOO\tFOO\tFOO\tFOO\tFOO\tFOO\tFOO\tFOO\tFOO\tFOO\tFOO\tFOO\tBAR
139\tFOO\tFOO\tFOO\tFOO\tFOO\tFOO\tFOO\tFOO\tFOO\tFOO\tFOO\tFOO\tFOO\tFOO\tFOO\tFOO\tFOO\tFOO\tFOO\tFOO\tFOO\tFOO\tBAR
140\tFOO\tFOO\tFOO\tFOO\tFOO\tFOO\tFOO\tFOO\tFOO\tFOO\tFOO\tFOO\tFOO\tFOO\tFOO\tFOO\tFOO\tFOO\tFOO\tFOO\tFOO\tFOO\tBAR
141\tFOO\tFOO\tFOO\tFOO\tFOO\tFOO\tFOO\tFOO\tFOO\tFOO\tFOO\tFOO\tFOO\tFOO\tFOO\tFOO\tFOO\tFOO\tFOO\tFOO\tFOO\tFOO\tBAR
142\tFOO\tFOO\tFOO\tFOO\tFOO\tFOO\tFOO\tFOO\tFOO\tFOO\tFOO\tFOO\tFOO\tFOO\tFOO\tFOO\tFOO\tFOO\tFOO\tFOO\tFOO\tFOO\tBAR
